2019-5035,https://res.cloudinary.com/dgira6yxf/image/upload/v1765614396/dvdqkqprn0quoo0tppii.png,dvdqkqprn0quoo0tppii,Tracy,Hill,Female,2,BSBA
2023-6230,https://res.cloudinary.com/dgira6yxf/image/upload/v1765614396/dvdqkqprn0quoo0tppii.png,dvdqkqprn0quoo0tppii,Christina,Walker,Female,3,BSBA
2020-5775,https://res.cloudinary.com/dgira6yxf/image/upload/v1765614396/dvdqkqprn0quoo0tppii.png,dvdqkqprn0quoo0tppii,Jennifer,Santiago,Female,1,BSCS
2019-5861,https://res.cloudinary.com/dgira6yxf/image/upload/v1765614396/dvdqkqprn0quoo0tppii.png,dvdqkqprn0quoo0tppii,Crystal,Carey,Female,4,BSME
2024-0665,https://res.cloudinary.com/dgira6yxf/image/upload/v1765614396/dvdqkqprn0quoo0tppii.png,dvdqkqprn0quoo0tppii,Sara,Jones,Male,3,BSHM
2024-2592,https://res.cloudinary.com/dgira6yxf/image/upload/v1765614396/dvdqkqprn0quoo0tppii.png,dvdqkqprn0quoo0tppii,Isaac,Anderson,Female,2,BSBA
2025-8067,https://res.cloudinary.com/dgira6yxf/image/upload/v1765614396/dvdqkqprn0quoo0tppii.png,dvdqkqprn0quoo0tppii,Tabitha,Harris,Female,4,BSED
2024-7049,https://res.cloudinary.com/dgira6yxf/image/upload/v1765614396/dvdqkqprn0quoo0tppii.png,dvdqkqprn0quoo0tppii,Scott,Dixon,Female,2,BSED
2020-2370,https://res.cloudinary.com/dgira6yxf/image/upload/v1765614396/dvdqkqprn0quoo0tppii.png,dvdqkqprn0quoo0tppii,Larry,Stevenson,Male,2,BSCPE
2022-0769,https://res.cloudinary.com/dgira6yxf/image/upload/v1765614396/dvdqkqprn0quoo0tppii.png,dvdqkqprn0quoo0tppii,Kathleen,Mitchell,Female,2,BSHM
2019-0795,https://res.cloudinary.com/dgira6yxf/image/upload/v1765614396/dvdqkqprn0quoo0tppii.png,dvdqkqprn0quoo0tppii,Jeffrey,Hooper,Female,4,BSIT
2022-8404,https://res.cloudinary.com/dgira6yxf/image/upload/v1765614396/dvdqkqprn0quoo0tppii.png,dvdqkqprn0quoo0tppii,Donald,Beck,Female,3,BSN
2020-4903,https://res.cloudinary.com/dgira6yxf/image/upload/v1765614396/dvdqkqprn0quoo0tppii.png,dvdqkqprn0quoo0tppii,Raven,Shannon,Female,1,BSTM
2024-7033,https://res.cloudinary.com/dgira6yxf/image/upload/v1765614396/dvdqkqprn0quoo0tppii.png,dvdqkqprn0quoo0tppii,Todd,Hernandez,Female,1,BSIT
2023-3202,https://res.cloudinary.com/dgira6yxf/image/upload/v1765614396/dvdqkqprn0quoo0tppii.png,dvdqkqprn0quoo0tppii,Donna,Freeman,Female,2,BSBio
2022-3984,https://res.cloudinary.com/dgira6yxf/image/upload/v1765614396/dvdqkqprn0quoo0tppii.png,dvdqkqprn0quoo0tppii,Erin,Brown,Female,4,BSBA
2022-2686,https://res.cloudinary.com/dgira6yxf/image/upload/v1765614396/dvdqkqprn0quoo0tppii.png,dvdqkqprn0quoo0tppii,Daniel,Hernandez,Male,1,BSECE
2021-0214,https://res.cloudinary.com/dgira6yxf/image/upload/v1765614396/dvdqkqprn0quoo0tppii.png,dvdqkqprn0quoo0tppii,Joseph,Holder,Male,4,BSED
2024-4462,https://res.cloudinary.com/dgira6yxf/image/upload/v1765614396/dvdqkqprn0quoo0tppii.png,dvdqkqprn0quoo0tppii,Amy,Webster,Male,4,BSCS
2019-7713,https://res.cloudinary.com/dgira6yxf/image/upload/v1765614396/dvdqkqprn0quoo0tppii.png,dvdqkqprn0quoo0tppii,Regina,Steele,Female,4,BSCA
2025-0074,https://res.cloudinary.com/dgira6yxf/image/upload/v1765614396/dvdqkqprn0quoo0tppii.png,dvdqkqprn0quoo0tppii,Gabrielle,Smith,Female,3,BSN
2025-5345,https://res.cloudinary.com/dgira6yxf/image/upload/v1765614396/dvdqkqprn0quoo0tppii.png,dvdqkqprn0quoo0tppii,Angela,Martinez,Female,3,BSME
2020-5283,https://res.cloudinary.com/dgira6yxf/image/upload/v1765614396/dvdqkqprn0quoo0tppii.png,dvdqkqprn0quoo0tppii,Jenna,Smith,Female,4,BSIT
2023-9054,https://res.cloudinary.com/dgira6yxf/image/upload/v1765614396/dvdqkqprn0quoo0tppii.png,dvdqkqprn0quoo0tppii,Pamela,Stevenson,Female,4,BSHM
2019-4295,https://res.cloudinary.com/dgira6yxf/image/upload/v1765614396/dvdqkqprn0quoo0tppii.png,dvdqkqprn0quoo0tppii,Robert,Marshall,Male,1,BSN
2021-4157,https://res.cloudinary.com/dgira6yxf/image/upload/v1765614396/dvdqkqprn0quoo0tppii.png,dvdqkqprn0quoo0tppii,Ryan,Cunningham,Female,3,BSTM
2020-7743,https://res.cloudinary.com/dgira6yxf/image/upload/v1765614396/dvdqkqprn0quoo0tppii.png,dvdqkqprn0quoo0tppii,Angela,Buckley,Male,2,BSBA
2019-6573,https://res.cloudinary.com/dgira6yxf/image/upload/v1765614396/dvdqkqprn0quoo0tppii.png,dvdqkqprn0quoo0tppii,Alyssa,Robinson,Male,3,BSBA
2019-9168,https://res.cloudinary.com/dgira6yxf/image/upload/v1765614396/dvdqkqprn0quoo0tppii.png,dvdqkqprn0quoo0tppii,Jonathan,Cherry,Female,2,BSCS
2020-7310,https://res.cloudinary.com/dgira6yxf/image/upload/v1765614396/dvdqkqprn0quoo0tppii.png,dvdqkqprn0quoo0tppii,Austin,Erickson,Male,3,BSBio
2025-7185,https://res.cloudinary.com/dgira6yxf/image/upload/v1765614396/dvdqkqprn0quoo0tppii.png,dvdqkqprn0quoo0tppii,Bruce,Payne,Female,3,BSME
2024-4625,https://res.cloudinary.com/dgira6yxf/image/upload/v1765614396/dvdqkqprn0quoo0tppii.png,dvdqkqprn0quoo0tppii,Rebekah,Aguilar,Male,3,BSED
2021-0381,https://res.cloudinary.com/dgira6yxf/image/upload/v1765614396/dvdqkqprn0quoo0tppii.png,dvdqkqprn0quoo0tppii,Claire,Woodward,Male,2,BSN
2021-4783,https://res.cloudinary.com/dgira6yxf/image/upload/v1765614396/dvdqkqprn0quoo0tppii.png,dvdqkqprn0quoo0tppii,Mark,Herring,Female,1,BSCS
2025-0202,https://res.cloudinary.com/dgira6yxf/image/upload/v1765614396/dvdqkqprn0quoo0tppii.png,dvdqkqprn0quoo0tppii,Jonathan,Campos,Male,4,BSBA
2025-7310,https://res.cloudinary.com/dgira6yxf/image/upload/v1765614396/dvdqkqprn0quoo0tppii.png,dvdqkqprn0quoo0tppii,Robert,Wall,Male,3,BSME
2024-3601,https://res.cloudinary.com/dgira6yxf/image/upload/v1765614396/dvdqkqprn0quoo0tppii.png,dvdqkqprn0quoo0tppii,Elizabeth,Simmons,Female,1,BSBA
2023-6454,https://res.cloudinary.com/dgira6yxf/image/upload/v1765614396/dvdqkqprn0quoo0tppii.png,dvdqkqprn0quoo0tppii,Heather,Lopez,Male,4,BSBA
2022-7965,https://res.cloudinary.com/dgira6yxf/image/upload/v1765614396/dvdqkqprn0quoo0tppii.png,dvdqkqprn0quoo0tppii,Jose,Petersen,Female,4,BSME
2025-8125,https://res.cloudinary.com/dgira6yxf/image/upload/v1765614396/dvdqkqprn0quoo0tppii.png,dvdqkqprn0quoo0tppii,Benjamin,Thomas,Female,2,BSED
2023-9778,https://res.cloudinary.com/dgira6yxf/image/upload/v1765614396/dvdqkqprn0quoo0tppii.png,dvdqkqprn0quoo0tppii,Colleen,Holland,Male,2,BSED
2021-3923,https://res.cloudinary.com/dgira6yxf/image/upload/v1765614396/dvdqkqprn0quoo0tppii.png,dvdqkqprn0quoo0tppii,Aaron,Taylor,Male,3,BSECE
2023-3498,https://res.cloudinary.com/dgira6yxf/image/upload/v1765614396/dvdqkqprn0quoo0tppii.png,dvdqkqprn0quoo0tppii,Samantha,Bailey,Male,4,BSCS
2023-3102,https://res.cloudinary.com/dgira6yxf/image/upload/v1765614396/dvdqkqprn0quoo0tppii.png,dvdqkqprn0quoo0tppii,Samantha,Adkins,Female,3,BSCA
2023-7510,https://res.cloudinary.com/dgira6yxf/image/upload/v1765614396/dvdqkqprn0quoo0tppii.png,dvdqkqprn0quoo0tppii,James,Lynch,Female,3,BSBA
2023-6970,https://res.cloudinary.com/dgira6yxf/image/upload/v1765614396/dvdqkqprn0quoo0tppii.png,dvdqkqprn0quoo0tppii,Wanda,Stewart,Male,1,BSED
2025-5610,https://res.cloudinary.com/dgira6yxf/image/upload/v1765614396/dvdqkqprn0quoo0tppii.png,dvdqkqprn0quoo0tppii,James,Day,Male,4,BSN
2025-6213,https://res.cloudinary.com/dgira6yxf/image/upload/v1765614396/dvdqkqprn0quoo0tppii.png,dvdqkqprn0quoo0tppii,Louis,Garcia,Female,3,BSED
2023-9580,https://res.cloudinary.com/dgira6yxf/image/upload/v1765614396/dvdqkqprn0quoo0tppii.png,dvdqkqprn0quoo0tppii,Austin,Perkins,Female,4,BSCA
2020-7422,https://res.cloudinary.com/dgira6yxf/image/upload/v1765614396/dvdqkqprn0quoo0tppii.png,dvdqkqprn0quoo0tppii,Craig,Malone,Male,3,BSBA
2019-4857,https://res.cloudinary.com/dgira6yxf/image/upload/v1765614396/dvdqkqprn0quoo0tppii.png,dvdqkqprn0quoo0tppii,Maria,Jones,Female,1,BSN
2024-7456,https://res.cloudinary.com/dgira6yxf/image/upload/v1765614396/dvdqkqprn0quoo0tppii.png,dvdqkqprn0quoo0tppii,Crystal,Graves,Male,3,BSCA
2021-6848,https://res.cloudinary.com/dgira6yxf/image/upload/v1765614396/dvdqkqprn0quoo0tppii.png,dvdqkqprn0quoo0tppii,Maria,Bond,Female,1,BSBA
2020-1314,https://res.cloudinary.com/dgira6yxf/image/upload/v1765614396/dvdqkqprn0quoo0tppii.png,dvdqkqprn0quoo0tppii,Thomas,Miller,Female,3,BSME
2025-3453,https://res.cloudinary.com/dgira6yxf/image/upload/v1765614396/dvdqkqprn0quoo0tppii.png,dvdqkqprn0quoo0tppii,Christian,Gray,Male,2,BSME
2020-2320,https://res.cloudinary.com/dgira6yxf/image/upload/v1765614396/dvdqkqprn0quoo0tppii.png,dvdqkqprn0quoo0tppii,Nicholas,Peterson,Male,2,BSBio
2025-7959,https://res.cloudinary.com/dgira6yxf/image/upload/v1765614396/dvdqkqprn0quoo0tppii.png,dvdqkqprn0quoo0tppii,Sharon,Brown,Female,3,BSCS
2025-5038,https://res.cloudinary.com/dgira6yxf/image/upload/v1765614396/dvdqkqprn0quoo0tppii.png,dvdqkqprn0quoo0tppii,Grace,Williams,Male,3,BSCS
2021-7830,https://res.cloudinary.com/dgira6yxf/image/upload/v1765614396/dvdqkqprn0quoo0tppii.png,dvdqkqprn0quoo0tppii,Sarah,Miller,Female,2,BSED
2021-9942,https://res.cloudinary.com/dgira6yxf/image/upload/v1765614396/dvdqkqprn0quoo0tppii.png,dvdqkqprn0quoo0tppii,Stephen,Schaefer,Female,3,BSED
2019-2000,https://res.cloudinary.com/dgira6yxf/image/upload/v1765614396/dvdqkqprn0quoo0tppii.png,dvdqkqprn0quoo0tppii,Carl,Patterson,Female,3,BSBio
2021-9442,https://res.cloudinary.com/dgira6yxf/image/upload/v1765614396/dvdqkqprn0quoo0tppii.png,dvdqkqprn0quoo0tppii,Peter,Perez,Male,4,BSCPE
2024-1781,https://res.cloudinary.com/dgira6yxf/image/upload/v1765614396/dvdqkqprn0quoo0tppii.png,dvdqkqprn0quoo0tppii,David,Robertson,Female,4,BSED
2020-9694,https://res.cloudinary.com/dgira6yxf/image/upload/v1765614396/dvdqkqprn0quoo0tppii.png,dvdqkqprn0quoo0tppii,Randy,Hall,Male,3,BSBio
2024-7256,https://res.cloudinary.com/dgira6yxf/image/upload/v1765614396/dvdqkqprn0quoo0tppii.png,dvdqkqprn0quoo0tppii,Jacob,Morales,Female,4,BSED
2020-9313,https://res.cloudinary.com/dgira6yxf/image/upload/v1765614396/dvdqkqprn0quoo0tppii.png,dvdqkqprn0quoo0tppii,Noah,Sanchez,Male,1,BSED
2023-3966,https://res.cloudinary.com/dgira6yxf/image/upload/v1765614396/dvdqkqprn0quoo0tppii.png,dvdqkqprn0quoo0tppii,Daniel,Sanders,Male,2,BSME
2021-9225,https://res.cloudinary.com/dgira6yxf/image/upload/v1765614396/dvdqkqprn0quoo0tppii.png,dvdqkqprn0quoo0tppii,Tina,Pierce,Female,1,BSCPE
2023-5388,https://res.cloudinary.com/dgira6yxf/image/upload/v1765614396/dvdqkqprn0quoo0tppii.png,dvdqkqprn0quoo0tppii,Don,Warren,Female,4,BSME
2020-1744,https://res.cloudinary.com/dgira6yxf/image/upload/v1765614396/dvdqkqprn0quoo0tppii.png,dvdqkqprn0quoo0tppii,Eric,Murphy,Male,1,BSME
2025-7915,https://res.cloudinary.com/dgira6yxf/image/upload/v1765614396/dvdqkqprn0quoo0tppii.png,dvdqkqprn0quoo0tppii,Wesley,Porter,Male,3,BSED
2021-6082,https://res.cloudinary.com/dgira6yxf/image/upload/v1765614396/dvdqkqprn0quoo0tppii.png,dvdqkqprn0quoo0tppii,Kimberly,Ray,Female,1,BSME
2024-9311,https://res.cloudinary.com/dgira6yxf/image/upload/v1765614396/dvdqkqprn0quoo0tppii.png,dvdqkqprn0quoo0tppii,Vincent,Howard,Female,2,BSED
2023-2874,https://res.cloudinary.com/dgira6yxf/image/upload/v1765614396/dvdqkqprn0quoo0tppii.png,dvdqkqprn0quoo0tppii,Nicholas,Alvarado,Female,1,BSN
2024-1256,https://res.cloudinary.com/dgira6yxf/image/upload/v1765614396/dvdqkqprn0quoo0tppii.png,dvdqkqprn0quoo0tppii,Nicole,Hill,Male,3,BSN
2019-5961,https://res.cloudinary.com/dgira6yxf/image/upload/v1765614396/dvdqkqprn0quoo0tppii.png,dvdqkqprn0quoo0tppii,Joshua,Johnson,Female,4,BSTM
2024-6625,https://res.cloudinary.com/dgira6yxf/image/upload/v1765614396/dvdqkqprn0quoo0tppii.png,dvdqkqprn0quoo0tppii,Tiffany,Nielsen,Female,3,BSCS
2022-5321,https://res.cloudinary.com/dgira6yxf/image/upload/v1765614396/dvdqkqprn0quoo0tppii.png,dvdqkqprn0quoo0tppii,Rachel,Ward,Male,4,BSME
2019-5344,https://res.cloudinary.com/dgira6yxf/image/upload/v1765614396/dvdqkqprn0quoo0tppii.png,dvdqkqprn0quoo0tppii,Frank,Carroll,Female,4,BSME
2021-1594,https://res.cloudinary.com/dgira6yxf/image/upload/v1765614396/dvdqkqprn0quoo0tppii.png,dvdqkqprn0quoo0tppii,Jeremiah,Tate,Male,4,BSIT
2021-8445,https://res.cloudinary.com/dgira6yxf/image/upload/v1765614396/dvdqkqprn0quoo0tppii.png,dvdqkqprn0quoo0tppii,Thomas,Hubbard,Female,3,BSED
2022-1363,https://res.cloudinary.com/dgira6yxf/image/upload/v1765614396/dvdqkqprn0quoo0tppii.png,dvdqkqprn0quoo0tppii,Jimmy,Campbell,Male,3,BSBA
2024-1917,https://res.cloudinary.com/dgira6yxf/image/upload/v1765614396/dvdqkqprn0quoo0tppii.png,dvdqkqprn0quoo0tppii,Anthony,Watkins,Male,2,BSME
2020-2005,https://res.cloudinary.com/dgira6yxf/image/upload/v1765614396/dvdqkqprn0quoo0tppii.png,dvdqkqprn0quoo0tppii,Laura,Martinez,Male,1,BSTM
2021-0155,https://res.cloudinary.com/dgira6yxf/image/upload/v1765614396/dvdqkqprn0quoo0tppii.png,dvdqkqprn0quoo0tppii,John,Norman,Female,2,BSCS
2019-0087,https://res.cloudinary.com/dgira6yxf/image/upload/v1765614396/dvdqkqprn0quoo0tppii.png,dvdqkqprn0quoo0tppii,David,Lucero,Male,4,BSME
2019-2444,https://res.cloudinary.com/dgira6yxf/image/upload/v1765614396/dvdqkqprn0quoo0tppii.png,dvdqkqprn0quoo0tppii,Rhonda,Hutchinson,Male,2,BSCS
2024-4571,https://res.cloudinary.com/dgira6yxf/image/upload/v1765614396/dvdqkqprn0quoo0tppii.png,dvdqkqprn0quoo0tppii,Ruth,Sanchez,Female,4,BSIT
2023-5683,https://res.cloudinary.com/dgira6yxf/image/upload/v1765614396/dvdqkqprn0quoo0tppii.png,dvdqkqprn0quoo0tppii,Victoria,Brock,Female,3,BSCS
2024-5871,https://res.cloudinary.com/dgira6yxf/image/upload/v1765614396/dvdqkqprn0quoo0tppii.png,dvdqkqprn0quoo0tppii,Julia,Morris,Female,3,BSBio
2025-3248,https://res.cloudinary.com/dgira6yxf/image/upload/v1765614396/dvdqkqprn0quoo0tppii.png,dvdqkqprn0quoo0tppii,George,Baker,Male,3,BSCS
2019-4421,https://res.cloudinary.com/dgira6yxf/image/upload/v1765614396/dvdqkqprn0quoo0tppii.png,dvdqkqprn0quoo0tppii,William,Avila,Male,3,BSCA
2025-2063,https://res.cloudinary.com/dgira6yxf/image/upload/v1765614396/dvdqkqprn0quoo0tppii.png,dvdqkqprn0quoo0tppii,Joseph,Hess,Female,2,BSTM
2021-4526,https://res.cloudinary.com/dgira6yxf/image/upload/v1765614396/dvdqkqprn0quoo0tppii.png,dvdqkqprn0quoo0tppii,Michael,Alvarado,Male,3,BSN
2022-2385,https://res.cloudinary.com/dgira6yxf/image/upload/v1765614396/dvdqkqprn0quoo0tppii.png,dvdqkqprn0quoo0tppii,Richard,Edwards,Female,1,BSHM
2019-1509,https://res.cloudinary.com/dgira6yxf/image/upload/v1765614396/dvdqkqprn0quoo0tppii.png,dvdqkqprn0quoo0tppii,Jeffrey,Nielsen,Male,2,BSCA
2020-7590,https://res.cloudinary.com/dgira6yxf/image/upload/v1765614396/dvdqkqprn0quoo0tppii.png,dvdqkqprn0quoo0tppii,Margaret,Bailey,Female,4,BSECE
2022-4765,https://res.cloudinary.com/dgira6yxf/image/upload/v1765614396/dvdqkqprn0quoo0tppii.png,dvdqkqprn0quoo0tppii,John,Hopkins,Female,1,BSTM
2020-3845,https://res.cloudinary.com/dgira6yxf/image/upload/v1765614396/dvdqkqprn0quoo0tppii.png,dvdqkqprn0quoo0tppii,Christina,Rogers,Female,1,BSED
2024-4773,https://res.cloudinary.com/dgira6yxf/image/upload/v1765614396/dvdqkqprn0quoo0tppii.png,dvdqkqprn0quoo0tppii,Jessica,Palmer,Female,1,BSBio
2025-5332,https://res.cloudinary.com/dgira6yxf/image/upload/v1765614396/dvdqkqprn0quoo0tppii.png,dvdqkqprn0quoo0tppii,Heather,Pollard,Female,4,BSED
2024-9032,https://res.cloudinary.com/dgira6yxf/image/upload/v1765614396/dvdqkqprn0quoo0tppii.png,dvdqkqprn0quoo0tppii,Darren,Wilson,Female,2,BSN
2020-9151,https://res.cloudinary.com/dgira6yxf/image/upload/v1765614396/dvdqkqprn0quoo0tppii.png,dvdqkqprn0quoo0tppii,Nicholas,Reese,Male,4,BSED
2022-7183,https://res.cloudinary.com/dgira6yxf/image/upload/v1765614396/dvdqkqprn0quoo0tppii.png,dvdqkqprn0quoo0tppii,Pamela,Gibson,Male,3,BSCA
2025-7044,https://res.cloudinary.com/dgira6yxf/image/upload/v1765614396/dvdqkqprn0quoo0tppii.png,dvdqkqprn0quoo0tppii,Kaitlin,Wheeler,Female,4,BSHM
2020-9434,https://res.cloudinary.com/dgira6yxf/image/upload/v1765614396/dvdqkqprn0quoo0tppii.png,dvdqkqprn0quoo0tppii,Lisa,Good,Male,4,BSCA
2025-6445,https://res.cloudinary.com/dgira6yxf/image/upload/v1765614396/dvdqkqprn0quoo0tppii.png,dvdqkqprn0quoo0tppii,Bonnie,Ryan,Female,3,BSECE
2025-7584,https://res.cloudinary.com/dgira6yxf/image/upload/v1765614396/dvdqkqprn0quoo0tppii.png,dvdqkqprn0quoo0tppii,Savannah,Smith,Female,3,BSHM
2020-7176,https://res.cloudinary.com/dgira6yxf/image/upload/v1765614396/dvdqkqprn0quoo0tppii.png,dvdqkqprn0quoo0tppii,Jason,Baker,Female,3,BSIT
2023-5199,https://res.cloudinary.com/dgira6yxf/image/upload/v1765614396/dvdqkqprn0quoo0tppii.png,dvdqkqprn0quoo0tppii,Carla,Carson,Male,1,BSCPE
2024-0301,https://res.cloudinary.com/dgira6yxf/image/upload/v1765614396/dvdqkqprn0quoo0tppii.png,dvdqkqprn0quoo0tppii,Timothy,Orr,Female,2,BSBio
2022-7163,https://res.cloudinary.com/dgira6yxf/image/upload/v1765614396/dvdqkqprn0quoo0tppii.png,dvdqkqprn0quoo0tppii,Tyler,Jefferson,Male,1,BSBio
2022-8668,https://res.cloudinary.com/dgira6yxf/image/upload/v1765614396/dvdqkqprn0quoo0tppii.png,dvdqkqprn0quoo0tppii,Jennifer,Garcia,Female,4,BSN
2022-5667,https://res.cloudinary.com/dgira6yxf/image/upload/v1765614396/dvdqkqprn0quoo0tppii.png,dvdqkqprn0quoo0tppii,Michael,Farrell,Male,4,BSCS
2025-2975,https://res.cloudinary.com/dgira6yxf/image/upload/v1765614396/dvdqkqprn0quoo0tppii.png,dvdqkqprn0quoo0tppii,Taylor,Hubbard,Female,2,BSCA
2024-4519,https://res.cloudinary.com/dgira6yxf/image/upload/v1765614396/dvdqkqprn0quoo0tppii.png,dvdqkqprn0quoo0tppii,Christine,Gordon,Male,4,BSBA
2020-7550,https://res.cloudinary.com/dgira6yxf/image/upload/v1765614396/dvdqkqprn0quoo0tppii.png,dvdqkqprn0quoo0tppii,Edwin,Velasquez,Male,4,BSCPE
2024-3441,https://res.cloudinary.com/dgira6yxf/image/upload/v1765614396/dvdqkqprn0quoo0tppii.png,dvdqkqprn0quoo0tppii,Joyce,Branch,Male,1,BSHM
2021-2875,https://res.cloudinary.com/dgira6yxf/image/upload/v1765614396/dvdqkqprn0quoo0tppii.png,dvdqkqprn0quoo0tppii,Elizabeth,Miller,Female,2,BSED
2025-0461,https://res.cloudinary.com/dgira6yxf/image/upload/v1765614396/dvdqkqprn0quoo0tppii.png,dvdqkqprn0quoo0tppii,Kaitlyn,Landry,Female,1,BSTM
2025-6232,https://res.cloudinary.com/dgira6yxf/image/upload/v1765614396/dvdqkqprn0quoo0tppii.png,dvdqkqprn0quoo0tppii,Travis,Johnson,Male,1,BSHM
2023-0327,https://res.cloudinary.com/dgira6yxf/image/upload/v1765614396/dvdqkqprn0quoo0tppii.png,dvdqkqprn0quoo0tppii,Andrew,Mosley,Female,4,BSED
2023-9563,https://res.cloudinary.com/dgira6yxf/image/upload/v1765614396/dvdqkqprn0quoo0tppii.png,dvdqkqprn0quoo0tppii,Connie,Payne,Female,2,BSBio
2024-0175,https://res.cloudinary.com/dgira6yxf/image/upload/v1765614396/dvdqkqprn0quoo0tppii.png,dvdqkqprn0quoo0tppii,Elijah,Flores,Male,1,BSME
2020-1546,https://res.cloudinary.com/dgira6yxf/image/upload/v1765614396/dvdqkqprn0quoo0tppii.png,dvdqkqprn0quoo0tppii,Susan,Harvey,Female,4,BSBio
2023-9122,https://res.cloudinary.com/dgira6yxf/image/upload/v1765614396/dvdqkqprn0quoo0tppii.png,dvdqkqprn0quoo0tppii,Alexis,Smith,Male,4,BSIT
2022-9707,https://res.cloudinary.com/dgira6yxf/image/upload/v1765614396/dvdqkqprn0quoo0tppii.png,dvdqkqprn0quoo0tppii,Raymond,Lewis,Female,4,BSCA
2019-1130,https://res.cloudinary.com/dgira6yxf/image/upload/v1765614396/dvdqkqprn0quoo0tppii.png,dvdqkqprn0quoo0tppii,Dustin,Sanchez,Female,2,BSTM
2022-0360,https://res.cloudinary.com/dgira6yxf/image/upload/v1765614396/dvdqkqprn0quoo0tppii.png,dvdqkqprn0quoo0tppii,Cynthia,Heath,Female,4,BSHM
2023-6800,https://res.cloudinary.com/dgira6yxf/image/upload/v1765614396/dvdqkqprn0quoo0tppii.png,dvdqkqprn0quoo0tppii,Paul,Jenkins,Female,1,BSCS
2019-9493,https://res.cloudinary.com/dgira6yxf/image/upload/v1765614396/dvdqkqprn0quoo0tppii.png,dvdqkqprn0quoo0tppii,Amanda,Bentley,Male,1,BSED
2024-0316,https://res.cloudinary.com/dgira6yxf/image/upload/v1765614396/dvdqkqprn0quoo0tppii.png,dvdqkqprn0quoo0tppii,Deborah,Edwards,Male,2,BSBA
2022-0331,https://res.cloudinary.com/dgira6yxf/image/upload/v1765614396/dvdqkqprn0quoo0tppii.png,dvdqkqprn0quoo0tppii,Tony,Barrett,Male,4,BSTM
2024-5659,https://res.cloudinary.com/dgira6yxf/image/upload/v1765614396/dvdqkqprn0quoo0tppii.png,dvdqkqprn0quoo0tppii,Louis,Scott,Male,4,BSCS
2025-8944,https://res.cloudinary.com/dgira6yxf/image/upload/v1765614396/dvdqkqprn0quoo0tppii.png,dvdqkqprn0quoo0tppii,Steven,Gonzalez,Female,2,BSHM
2019-7778,https://res.cloudinary.com/dgira6yxf/image/upload/v1765614396/dvdqkqprn0quoo0tppii.png,dvdqkqprn0quoo0tppii,Elizabeth,Roberts,Male,1,BSN
2023-5116,https://res.cloudinary.com/dgira6yxf/image/upload/v1765614396/dvdqkqprn0quoo0tppii.png,dvdqkqprn0quoo0tppii,Natalie,Sullivan,Male,3,BSED
2021-5298,https://res.cloudinary.com/dgira6yxf/image/upload/v1765614396/dvdqkqprn0quoo0tppii.png,dvdqkqprn0quoo0tppii,Joseph,Smith,Male,3,BSED
2021-5248,https://res.cloudinary.com/dgira6yxf/image/upload/v1765614396/dvdqkqprn0quoo0tppii.png,dvdqkqprn0quoo0tppii,Danny,Ponce,Male,3,BSECE
2019-8810,https://res.cloudinary.com/dgira6yxf/image/upload/v1765614396/dvdqkqprn0quoo0tppii.png,dvdqkqprn0quoo0tppii,David,Graham,Male,3,BSCPE
2020-0135,https://res.cloudinary.com/dgira6yxf/image/upload/v1765614396/dvdqkqprn0quoo0tppii.png,dvdqkqprn0quoo0tppii,Renee,Mason,Male,3,BSECE
2022-0730,https://res.cloudinary.com/dgira6yxf/image/upload/v1765614396/dvdqkqprn0quoo0tppii.png,dvdqkqprn0quoo0tppii,David,May,Female,4,BSME
2022-4324,https://res.cloudinary.com/dgira6yxf/image/upload/v1765614396/dvdqkqprn0quoo0tppii.png,dvdqkqprn0quoo0tppii,Robyn,Warner,Male,2,BSBA
2021-7355,https://res.cloudinary.com/dgira6yxf/image/upload/v1765614396/dvdqkqprn0quoo0tppii.png,dvdqkqprn0quoo0tppii,Patrick,Stanley,Male,3,BSCPE
2021-3884,https://res.cloudinary.com/dgira6yxf/image/upload/v1765614396/dvdqkqprn0quoo0tppii.png,dvdqkqprn0quoo0tppii,Robert,Fowler,Male,4,BSED
2021-2160,https://res.cloudinary.com/dgira6yxf/image/upload/v1765614396/dvdqkqprn0quoo0tppii.png,dvdqkqprn0quoo0tppii,Kelli,Campbell,Female,1,BSBio
2025-0122,https://res.cloudinary.com/dgira6yxf/image/upload/v1765614396/dvdqkqprn0quoo0tppii.png,dvdqkqprn0quoo0tppii,William,Murray,Male,2,BSCS
2021-4558,https://res.cloudinary.com/dgira6yxf/image/upload/v1765614396/dvdqkqprn0quoo0tppii.png,dvdqkqprn0quoo0tppii,April,Miller,Female,1,BSCS
2021-5619,https://res.cloudinary.com/dgira6yxf/image/upload/v1765614396/dvdqkqprn0quoo0tppii.png,dvdqkqprn0quoo0tppii,Michael,Douglas,Male,1,BSHM
2020-2289,https://res.cloudinary.com/dgira6yxf/image/upload/v1765614396/dvdqkqprn0quoo0tppii.png,dvdqkqprn0quoo0tppii,Brittany,Gonzales,Male,1,BSCS
2019-4870,https://res.cloudinary.com/dgira6yxf/image/upload/v1765614396/dvdqkqprn0quoo0tppii.png,dvdqkqprn0quoo0tppii,Heather,Flynn,Female,4,BSTM
2019-9356,https://res.cloudinary.com/dgira6yxf/image/upload/v1765614396/dvdqkqprn0quoo0tppii.png,dvdqkqprn0quoo0tppii,Tracy,Lopez,Female,3,BSIT
2022-8146,https://res.cloudinary.com/dgira6yxf/image/upload/v1765614396/dvdqkqprn0quoo0tppii.png,dvdqkqprn0quoo0tppii,Jose,Wilkinson,Female,3,BSN
2020-2702,https://res.cloudinary.com/dgira6yxf/image/upload/v1765614396/dvdqkqprn0quoo0tppii.png,dvdqkqprn0quoo0tppii,Anthony,Vincent,Male,4,BSED
2020-3332,https://res.cloudinary.com/dgira6yxf/image/upload/v1765614396/dvdqkqprn0quoo0tppii.png,dvdqkqprn0quoo0tppii,Sheila,Wade,Male,3,BSME
2022-3979,https://res.cloudinary.com/dgira6yxf/image/upload/v1765614396/dvdqkqprn0quoo0tppii.png,dvdqkqprn0quoo0tppii,William,Spencer,Female,4,BSED
2023-8239,https://res.cloudinary.com/dgira6yxf/image/upload/v1765614396/dvdqkqprn0quoo0tppii.png,dvdqkqprn0quoo0tppii,Amanda,Smith,Male,2,BSTM
2024-7555,https://res.cloudinary.com/dgira6yxf/image/upload/v1765614396/dvdqkqprn0quoo0tppii.png,dvdqkqprn0quoo0tppii,Nicholas,White,Female,3,BSBA
2022-5442,https://res.cloudinary.com/dgira6yxf/image/upload/v1765614396/dvdqkqprn0quoo0tppii.png,dvdqkqprn0quoo0tppii,Rebecca,Sandoval,Female,4,BSED
2021-4560,https://res.cloudinary.com/dgira6yxf/image/upload/v1765614396/dvdqkqprn0quoo0tppii.png,dvdqkqprn0quoo0tppii,Michael,Wood,Male,4,BSIT
2022-1391,https://res.cloudinary.com/dgira6yxf/image/upload/v1765614396/dvdqkqprn0quoo0tppii.png,dvdqkqprn0quoo0tppii,Krista,Lee,Male,1,BSIT
2025-1296,https://res.cloudinary.com/dgira6yxf/image/upload/v1765614396/dvdqkqprn0quoo0tppii.png,dvdqkqprn0quoo0tppii,Peter,Lynn,Male,3,BSBio
2021-4052,https://res.cloudinary.com/dgira6yxf/image/upload/v1765614396/dvdqkqprn0quoo0tppii.png,dvdqkqprn0quoo0tppii,Cassidy,Koch,Male,4,BSCA
2019-5438,https://res.cloudinary.com/dgira6yxf/image/upload/v1765614396/dvdqkqprn0quoo0tppii.png,dvdqkqprn0quoo0tppii,William,Burnett,Female,1,BSTM
2022-2800,https://res.cloudinary.com/dgira6yxf/image/upload/v1765614396/dvdqkqprn0quoo0tppii.png,dvdqkqprn0quoo0tppii,Edward,Brown,Female,2,BSCS
2020-0560,https://res.cloudinary.com/dgira6yxf/image/upload/v1765614396/dvdqkqprn0quoo0tppii.png,dvdqkqprn0quoo0tppii,William,Walls,Female,2,BSBA
2022-0047,https://res.cloudinary.com/dgira6yxf/image/upload/v1765614396/dvdqkqprn0quoo0tppii.png,dvdqkqprn0quoo0tppii,Paul,Clark,Male,3,BSED
2020-2488,https://res.cloudinary.com/dgira6yxf/image/upload/v1765614396/dvdqkqprn0quoo0tppii.png,dvdqkqprn0quoo0tppii,Eddie,King,Female,4,BSED
2020-0506,https://res.cloudinary.com/dgira6yxf/image/upload/v1765614396/dvdqkqprn0quoo0tppii.png,dvdqkqprn0quoo0tppii,Pamela,Randolph,Female,2,BSCA
2024-3736,https://res.cloudinary.com/dgira6yxf/image/upload/v1765614396/dvdqkqprn0quoo0tppii.png,dvdqkqprn0quoo0tppii,John,George,Female,3,BSTM
2021-2528,https://res.cloudinary.com/dgira6yxf/image/upload/v1765614396/dvdqkqprn0quoo0tppii.png,dvdqkqprn0quoo0tppii,Sarah,Brown,Female,3,BSTM
2022-0996,https://res.cloudinary.com/dgira6yxf/image/upload/v1765614396/dvdqkqprn0quoo0tppii.png,dvdqkqprn0quoo0tppii,Stacey,Robertson,Female,1,BSTM
2022-8359,https://res.cloudinary.com/dgira6yxf/image/upload/v1765614396/dvdqkqprn0quoo0tppii.png,dvdqkqprn0quoo0tppii,Craig,Jordan,Female,2,BSBA
2022-8940,https://res.cloudinary.com/dgira6yxf/image/upload/v1765614396/dvdqkqprn0quoo0tppii.png,dvdqkqprn0quoo0tppii,Kelly,Stewart,Male,4,BSN
2020-9241,https://res.cloudinary.com/dgira6yxf/image/upload/v1765614396/dvdqkqprn0quoo0tppii.png,dvdqkqprn0quoo0tppii,Breanna,Zimmerman,Male,2,BSTM
2019-8469,https://res.cloudinary.com/dgira6yxf/image/upload/v1765614396/dvdqkqprn0quoo0tppii.png,dvdqkqprn0quoo0tppii,Sandra,Rose,Female,2,BSME
2020-4626,https://res.cloudinary.com/dgira6yxf/image/upload/v1765614396/dvdqkqprn0quoo0tppii.png,dvdqkqprn0quoo0tppii,Michelle,Campbell,Male,1,BSBA
2023-3962,https://res.cloudinary.com/dgira6yxf/image/upload/v1765614396/dvdqkqprn0quoo0tppii.png,dvdqkqprn0quoo0tppii,Olivia,Brown,Male,2,BSN
2024-0213,https://res.cloudinary.com/dgira6yxf/image/upload/v1765614396/dvdqkqprn0quoo0tppii.png,dvdqkqprn0quoo0tppii,Matthew,Walker,Male,4,BSCS
2023-5141,https://res.cloudinary.com/dgira6yxf/image/upload/v1765614396/dvdqkqprn0quoo0tppii.png,dvdqkqprn0quoo0tppii,Alexis,Scott,Female,1,BSED
2024-3581,https://res.cloudinary.com/dgira6yxf/image/upload/v1765614396/dvdqkqprn0quoo0tppii.png,dvdqkqprn0quoo0tppii,Ralph,Henry,Female,4,BSCS
2024-5242,https://res.cloudinary.com/dgira6yxf/image/upload/v1765614396/dvdqkqprn0quoo0tppii.png,dvdqkqprn0quoo0tppii,Tina,Washington,Male,2,BSED
2019-8074,https://res.cloudinary.com/dgira6yxf/image/upload/v1765614396/dvdqkqprn0quoo0tppii.png,dvdqkqprn0quoo0tppii,Donald,Lopez,Female,3,BSED
2019-2523,https://res.cloudinary.com/dgira6yxf/image/upload/v1765614396/dvdqkqprn0quoo0tppii.png,dvdqkqprn0quoo0tppii,Connor,Phillips,Female,1,BSED
2023-6228,https://res.cloudinary.com/dgira6yxf/image/upload/v1765614396/dvdqkqprn0quoo0tppii.png,dvdqkqprn0quoo0tppii,Timothy,Davis,Male,4,BSECE
2019-0668,https://res.cloudinary.com/dgira6yxf/image/upload/v1765614396/dvdqkqprn0quoo0tppii.png,dvdqkqprn0quoo0tppii,Destiny,Gibson,Female,2,BSN
2024-4322,https://res.cloudinary.com/dgira6yxf/image/upload/v1765614396/dvdqkqprn0quoo0tppii.png,dvdqkqprn0quoo0tppii,Jay,Harrison,Male,2,BSCA
2025-8256,https://res.cloudinary.com/dgira6yxf/image/upload/v1765614396/dvdqkqprn0quoo0tppii.png,dvdqkqprn0quoo0tppii,Pamela,Torres,Male,4,BSIT
2025-5127,https://res.cloudinary.com/dgira6yxf/image/upload/v1765614396/dvdqkqprn0quoo0tppii.png,dvdqkqprn0quoo0tppii,Lindsay,Scott,Male,2,BSCPE
2024-6638,https://res.cloudinary.com/dgira6yxf/image/upload/v1765614396/dvdqkqprn0quoo0tppii.png,dvdqkqprn0quoo0tppii,Krista,Cooley,Female,3,BSN
2025-7755,https://res.cloudinary.com/dgira6yxf/image/upload/v1765614396/dvdqkqprn0quoo0tppii.png,dvdqkqprn0quoo0tppii,Adam,Ali,Male,2,BSED
2024-8250,https://res.cloudinary.com/dgira6yxf/image/upload/v1765614396/dvdqkqprn0quoo0tppii.png,dvdqkqprn0quoo0tppii,Richard,Waters,Male,2,BSME
2024-8104,https://res.cloudinary.com/dgira6yxf/image/upload/v1765614396/dvdqkqprn0quoo0tppii.png,dvdqkqprn0quoo0tppii,James,Conley,Female,4,BSIT
2021-6340,https://res.cloudinary.com/dgira6yxf/image/upload/v1765614396/dvdqkqprn0quoo0tppii.png,dvdqkqprn0quoo0tppii,Alexander,Jackson,Male,3,BSECE
2019-5387,https://res.cloudinary.com/dgira6yxf/image/upload/v1765614396/dvdqkqprn0quoo0tppii.png,dvdqkqprn0quoo0tppii,Randy,Morales,Female,2,BSME
2019-8827,https://res.cloudinary.com/dgira6yxf/image/upload/v1765614396/dvdqkqprn0quoo0tppii.png,dvdqkqprn0quoo0tppii,Stephen,Winters,Male,1,BSCPE
2024-6197,https://res.cloudinary.com/dgira6yxf/image/upload/v1765614396/dvdqkqprn0quoo0tppii.png,dvdqkqprn0quoo0tppii,Gabriel,Oconnor,Male,4,BSBA
2023-3188,https://res.cloudinary.com/dgira6yxf/image/upload/v1765614396/dvdqkqprn0quoo0tppii.png,dvdqkqprn0quoo0tppii,Tammy,Walsh,Female,4,BSBA
2023-7581,https://res.cloudinary.com/dgira6yxf/image/upload/v1765614396/dvdqkqprn0quoo0tppii.png,dvdqkqprn0quoo0tppii,Megan,Pearson,Female,4,BSHM
2020-3142,https://res.cloudinary.com/dgira6yxf/image/upload/v1765614396/dvdqkqprn0quoo0tppii.png,dvdqkqprn0quoo0tppii,Kyle,Miller,Female,4,BSHM
2019-1456,https://res.cloudinary.com/dgira6yxf/image/upload/v1765614396/dvdqkqprn0quoo0tppii.png,dvdqkqprn0quoo0tppii,Eric,Woods,Female,4,BSIT
2023-7068,https://res.cloudinary.com/dgira6yxf/image/upload/v1765614396/dvdqkqprn0quoo0tppii.png,dvdqkqprn0quoo0tppii,Frank,Walker,Male,4,BSIT
2023-3169,https://res.cloudinary.com/dgira6yxf/image/upload/v1765614396/dvdqkqprn0quoo0tppii.png,dvdqkqprn0quoo0tppii,Lisa,Zamora,Male,2,BSME
2020-0877,https://res.cloudinary.com/dgira6yxf/image/upload/v1765614396/dvdqkqprn0quoo0tppii.png,dvdqkqprn0quoo0tppii,Christie,Cook,Female,1,BSED
2025-3108,https://res.cloudinary.com/dgira6yxf/image/upload/v1765614396/dvdqkqprn0quoo0tppii.png,dvdqkqprn0quoo0tppii,Carl,Drake,Female,3,BSBio
2020-4525,https://res.cloudinary.com/dgira6yxf/image/upload/v1765614396/dvdqkqprn0quoo0tppii.png,dvdqkqprn0quoo0tppii,Todd,Hughes,Male,1,BSED
2025-3486,https://res.cloudinary.com/dgira6yxf/image/upload/v1765614396/dvdqkqprn0quoo0tppii.png,dvdqkqprn0quoo0tppii,Danny,Boone,Female,3,BSME
2020-4920,https://res.cloudinary.com/dgira6yxf/image/upload/v1765614396/dvdqkqprn0quoo0tppii.png,dvdqkqprn0quoo0tppii,Monica,Thompson,Female,3,BSED
2024-8463,https://res.cloudinary.com/dgira6yxf/image/upload/v1765614396/dvdqkqprn0quoo0tppii.png,dvdqkqprn0quoo0tppii,Jacob,Johnston,Male,3,BSCA
2025-8089,https://res.cloudinary.com/dgira6yxf/image/upload/v1765614396/dvdqkqprn0quoo0tppii.png,dvdqkqprn0quoo0tppii,Jill,Williams,Male,3,BSME
2024-0416,https://res.cloudinary.com/dgira6yxf/image/upload/v1765614396/dvdqkqprn0quoo0tppii.png,dvdqkqprn0quoo0tppii,Laurie,Archer,Male,1,BSCA
2022-3706,https://res.cloudinary.com/dgira6yxf/image/upload/v1765614396/dvdqkqprn0quoo0tppii.png,dvdqkqprn0quoo0tppii,Jessica,Duke,Male,4,BSBA
2025-4037,https://res.cloudinary.com/dgira6yxf/image/upload/v1765614396/dvdqkqprn0quoo0tppii.png,dvdqkqprn0quoo0tppii,Travis,Holden,Male,1,BSN
2021-3066,https://res.cloudinary.com/dgira6yxf/image/upload/v1765614396/dvdqkqprn0quoo0tppii.png,dvdqkqprn0quoo0tppii,Carl,Davis,Male,4,BSHM
2023-9087,https://res.cloudinary.com/dgira6yxf/image/upload/v1765614396/dvdqkqprn0quoo0tppii.png,dvdqkqprn0quoo0tppii,Michael,Lynch,Female,2,BSCS
2024-9018,https://res.cloudinary.com/dgira6yxf/image/upload/v1765614396/dvdqkqprn0quoo0tppii.png,dvdqkqprn0quoo0tppii,Patrick,Browning,Male,3,BSCS
2023-8113,https://res.cloudinary.com/dgira6yxf/image/upload/v1765614396/dvdqkqprn0quoo0tppii.png,dvdqkqprn0quoo0tppii,Christy,Wong,Female,3,BSED
2019-9660,https://res.cloudinary.com/dgira6yxf/image/upload/v1765614396/dvdqkqprn0quoo0tppii.png,dvdqkqprn0quoo0tppii,Angela,Adams,Female,1,BSCS
2025-1614,https://res.cloudinary.com/dgira6yxf/image/upload/v1765614396/dvdqkqprn0quoo0tppii.png,dvdqkqprn0quoo0tppii,Donald,Conway,Male,3,BSED
2024-5332,https://res.cloudinary.com/dgira6yxf/image/upload/v1765614396/dvdqkqprn0quoo0tppii.png,dvdqkqprn0quoo0tppii,Shannon,Cortez,Male,1,BSED
2020-8701,https://res.cloudinary.com/dgira6yxf/image/upload/v1765614396/dvdqkqprn0quoo0tppii.png,dvdqkqprn0quoo0tppii,Bryan,Macias,Female,2,BSBA
2022-8497,https://res.cloudinary.com/dgira6yxf/image/upload/v1765614396/dvdqkqprn0quoo0tppii.png,dvdqkqprn0quoo0tppii,Jacqueline,Brown,Female,2,BSECE
2022-0087,https://res.cloudinary.com/dgira6yxf/image/upload/v1765614396/dvdqkqprn0quoo0tppii.png,dvdqkqprn0quoo0tppii,Robert,Dorsey,Male,2,BSHM
2025-3393,https://res.cloudinary.com/dgira6yxf/image/upload/v1765614396/dvdqkqprn0quoo0tppii.png,dvdqkqprn0quoo0tppii,Amanda,Hampton,Male,2,BSCS
2023-0473,https://res.cloudinary.com/dgira6yxf/image/upload/v1765614396/dvdqkqprn0quoo0tppii.png,dvdqkqprn0quoo0tppii,Jason,Bell,Female,4,BSTM
2021-9235,https://res.cloudinary.com/dgira6yxf/image/upload/v1765614396/dvdqkqprn0quoo0tppii.png,dvdqkqprn0quoo0tppii,Marissa,Miller,Female,3,BSCPE
2021-8623,https://res.cloudinary.com/dgira6yxf/image/upload/v1765614396/dvdqkqprn0quoo0tppii.png,dvdqkqprn0quoo0tppii,Jessica,Cox,Male,1,BSECE
2023-6536,https://res.cloudinary.com/dgira6yxf/image/upload/v1765614396/dvdqkqprn0quoo0tppii.png,dvdqkqprn0quoo0tppii,Anna,Beck,Female,4,BSN
2019-9523,https://res.cloudinary.com/dgira6yxf/image/upload/v1765614396/dvdqkqprn0quoo0tppii.png,dvdqkqprn0quoo0tppii,April,Walker,Female,3,BSECE
2023-3776,https://res.cloudinary.com/dgira6yxf/image/upload/v1765614396/dvdqkqprn0quoo0tppii.png,dvdqkqprn0quoo0tppii,Jamie,Holt,Male,1,BSCPE
2023-3510,https://res.cloudinary.com/dgira6yxf/image/upload/v1765614396/dvdqkqprn0quoo0tppii.png,dvdqkqprn0quoo0tppii,Lori,Guzman,Female,2,BSECE
2025-1729,https://res.cloudinary.com/dgira6yxf/image/upload/v1765614396/dvdqkqprn0quoo0tppii.png,dvdqkqprn0quoo0tppii,Stephanie,Hernandez,Male,3,BSED
2020-7918,https://res.cloudinary.com/dgira6yxf/image/upload/v1765614396/dvdqkqprn0quoo0tppii.png,dvdqkqprn0quoo0tppii,Scott,Stanley,Female,4,BSCPE
2024-7322,https://res.cloudinary.com/dgira6yxf/image/upload/v1765614396/dvdqkqprn0quoo0tppii.png,dvdqkqprn0quoo0tppii,Amy,Moore,Female,4,BSCS
2020-2325,https://res.cloudinary.com/dgira6yxf/image/upload/v1765614396/dvdqkqprn0quoo0tppii.png,dvdqkqprn0quoo0tppii,John,Jones,Male,1,BSCS
2022-4993,https://res.cloudinary.com/dgira6yxf/image/upload/v1765614396/dvdqkqprn0quoo0tppii.png,dvdqkqprn0quoo0tppii,Miranda,Walter,Female,2,BSBA
2021-7298,https://res.cloudinary.com/dgira6yxf/image/upload/v1765614396/dvdqkqprn0quoo0tppii.png,dvdqkqprn0quoo0tppii,Zachary,Little,Female,1,BSBio
2025-0193,https://res.cloudinary.com/dgira6yxf/image/upload/v1765614396/dvdqkqprn0quoo0tppii.png,dvdqkqprn0quoo0tppii,Karla,Anderson,Female,2,BSED
2025-1289,https://res.cloudinary.com/dgira6yxf/image/upload/v1765614396/dvdqkqprn0quoo0tppii.png,dvdqkqprn0quoo0tppii,Emily,Munoz,Male,3,BSCS
2021-8194,https://res.cloudinary.com/dgira6yxf/image/upload/v1765614396/dvdqkqprn0quoo0tppii.png,dvdqkqprn0quoo0tppii,Alexander,Castaneda,Male,3,BSN
2023-7362,https://res.cloudinary.com/dgira6yxf/image/upload/v1765614396/dvdqkqprn0quoo0tppii.png,dvdqkqprn0quoo0tppii,Diana,Jones,Female,3,BSME
2025-3132,https://res.cloudinary.com/dgira6yxf/image/upload/v1765614396/dvdqkqprn0quoo0tppii.png,dvdqkqprn0quoo0tppii,Anthony,Parsons,Male,3,BSBio
2025-6674,https://res.cloudinary.com/dgira6yxf/image/upload/v1765614396/dvdqkqprn0quoo0tppii.png,dvdqkqprn0quoo0tppii,Stephanie,Harrison,Male,1,BSCA
2022-9790,https://res.cloudinary.com/dgira6yxf/image/upload/v1765614396/dvdqkqprn0quoo0tppii.png,dvdqkqprn0quoo0tppii,Brittany,Kane,Female,2,BSTM
2024-0896,https://res.cloudinary.com/dgira6yxf/image/upload/v1765614396/dvdqkqprn0quoo0tppii.png,dvdqkqprn0quoo0tppii,James,Smith,Male,4,BSED
2025-5725,https://res.cloudinary.com/dgira6yxf/image/upload/v1765614396/dvdqkqprn0quoo0tppii.png,dvdqkqprn0quoo0tppii,Mary,Fletcher,Female,1,BSHM
2021-2746,https://res.cloudinary.com/dgira6yxf/image/upload/v1765614396/dvdqkqprn0quoo0tppii.png,dvdqkqprn0quoo0tppii,Albert,Silva,Male,2,BSBio
2021-7992,https://res.cloudinary.com/dgira6yxf/image/upload/v1765614396/dvdqkqprn0quoo0tppii.png,dvdqkqprn0quoo0tppii,Amber,Campbell,Female,2,BSTM
2020-3472,https://res.cloudinary.com/dgira6yxf/image/upload/v1765614396/dvdqkqprn0quoo0tppii.png,dvdqkqprn0quoo0tppii,Margaret,Nelson,Male,3,BSTM
2024-4923,https://res.cloudinary.com/dgira6yxf/image/upload/v1765614396/dvdqkqprn0quoo0tppii.png,dvdqkqprn0quoo0tppii,Cheryl,Pearson,Male,2,BSCA
2021-0101,https://res.cloudinary.com/dgira6yxf/image/upload/v1765614396/dvdqkqprn0quoo0tppii.png,dvdqkqprn0quoo0tppii,Heather,Martinez,Male,4,BSBA
2022-5785,https://res.cloudinary.com/dgira6yxf/image/upload/v1765614396/dvdqkqprn0quoo0tppii.png,dvdqkqprn0quoo0tppii,Benjamin,Jackson,Female,3,BSN
2024-7683,https://res.cloudinary.com/dgira6yxf/image/upload/v1765614396/dvdqkqprn0quoo0tppii.png,dvdqkqprn0quoo0tppii,Adam,Gonzalez,Female,1,BSCS
2022-2314,https://res.cloudinary.com/dgira6yxf/image/upload/v1765614396/dvdqkqprn0quoo0tppii.png,dvdqkqprn0quoo0tppii,Thomas,Smith,Female,4,BSED
2023-3768,https://res.cloudinary.com/dgira6yxf/image/upload/v1765614396/dvdqkqprn0quoo0tppii.png,dvdqkqprn0quoo0tppii,Shawn,Sellers,Male,2,BSN
2022-5180,https://res.cloudinary.com/dgira6yxf/image/upload/v1765614396/dvdqkqprn0quoo0tppii.png,dvdqkqprn0quoo0tppii,Amy,Johnson,Female,1,BSECE
2020-6406,https://res.cloudinary.com/dgira6yxf/image/upload/v1765614396/dvdqkqprn0quoo0tppii.png,dvdqkqprn0quoo0tppii,Brittany,Wells,Female,3,BSBA
2020-4337,https://res.cloudinary.com/dgira6yxf/image/upload/v1765614396/dvdqkqprn0quoo0tppii.png,dvdqkqprn0quoo0tppii,Jennifer,Thompson,Male,3,BSED
2024-8106,https://res.cloudinary.com/dgira6yxf/image/upload/v1765614396/dvdqkqprn0quoo0tppii.png,dvdqkqprn0quoo0tppii,Christopher,Rojas,Male,4,BSBio
2025-5235,https://res.cloudinary.com/dgira6yxf/image/upload/v1765614396/dvdqkqprn0quoo0tppii.png,dvdqkqprn0quoo0tppii,Nicholas,Baker,Female,4,BSBA
2024-4200,https://res.cloudinary.com/dgira6yxf/image/upload/v1765614396/dvdqkqprn0quoo0tppii.png,dvdqkqprn0quoo0tppii,Alison,Freeman,Male,2,BSCPE
2023-9240,https://res.cloudinary.com/dgira6yxf/image/upload/v1765614396/dvdqkqprn0quoo0tppii.png,dvdqkqprn0quoo0tppii,Ronald,Harris,Male,3,BSBA
2023-1108,https://res.cloudinary.com/dgira6yxf/image/upload/v1765614396/dvdqkqprn0quoo0tppii.png,dvdqkqprn0quoo0tppii,Christina,Anthony,Male,3,BSBio
2019-6275,https://res.cloudinary.com/dgira6yxf/image/upload/v1765614396/dvdqkqprn0quoo0tppii.png,dvdqkqprn0quoo0tppii,Erik,Stevenson,Male,1,BSCPE
2021-1527,https://res.cloudinary.com/dgira6yxf/image/upload/v1765614396/dvdqkqprn0quoo0tppii.png,dvdqkqprn0quoo0tppii,Anne,Leonard,Female,3,BSHM
2021-6438,https://res.cloudinary.com/dgira6yxf/image/upload/v1765614396/dvdqkqprn0quoo0tppii.png,dvdqkqprn0quoo0tppii,Connie,Williams,Female,4,BSED
2019-1908,https://res.cloudinary.com/dgira6yxf/image/upload/v1765614396/dvdqkqprn0quoo0tppii.png,dvdqkqprn0quoo0tppii,Heather,Spencer,Male,2,BSED
2021-9064,https://res.cloudinary.com/dgira6yxf/image/upload/v1765614396/dvdqkqprn0quoo0tppii.png,dvdqkqprn0quoo0tppii,Charles,Shields,Male,4,BSIT
2024-3717,https://res.cloudinary.com/dgira6yxf/image/upload/v1765614396/dvdqkqprn0quoo0tppii.png,dvdqkqprn0quoo0tppii,Daniel,Rodriguez,Male,4,BSBA
2025-8285,https://res.cloudinary.com/dgira6yxf/image/upload/v1765614396/dvdqkqprn0quoo0tppii.png,dvdqkqprn0quoo0tppii,Jennifer,Washington,Female,3,BSCPE
2023-6412,https://res.cloudinary.com/dgira6yxf/image/upload/v1765614396/dvdqkqprn0quoo0tppii.png,dvdqkqprn0quoo0tppii,Sara,Moore,Female,1,BSTM
2024-9349,https://res.cloudinary.com/dgira6yxf/image/upload/v1765614396/dvdqkqprn0quoo0tppii.png,dvdqkqprn0quoo0tppii,Todd,Doyle,Male,3,BSCS
2020-0839,https://res.cloudinary.com/dgira6yxf/image/upload/v1765614396/dvdqkqprn0quoo0tppii.png,dvdqkqprn0quoo0tppii,Mark,Smith,Male,4,BSBio
2020-5883,https://res.cloudinary.com/dgira6yxf/image/upload/v1765614396/dvdqkqprn0quoo0tppii.png,dvdqkqprn0quoo0tppii,Fernando,Singh,Female,1,BSECE
2025-5628,https://res.cloudinary.com/dgira6yxf/image/upload/v1765614396/dvdqkqprn0quoo0tppii.png,dvdqkqprn0quoo0tppii,David,Gibbs,Male,1,BSME
2019-6287,https://res.cloudinary.com/dgira6yxf/image/upload/v1765614396/dvdqkqprn0quoo0tppii.png,dvdqkqprn0quoo0tppii,Christina,Moore,Male,1,BSBio
2020-1375,https://res.cloudinary.com/dgira6yxf/image/upload/v1765614396/dvdqkqprn0quoo0tppii.png,dvdqkqprn0quoo0tppii,Jodi,Myers,Female,1,BSIT
2019-4392,https://res.cloudinary.com/dgira6yxf/image/upload/v1765614396/dvdqkqprn0quoo0tppii.png,dvdqkqprn0quoo0tppii,John,Phillips,Female,2,BSECE
2021-5822,https://res.cloudinary.com/dgira6yxf/image/upload/v1765614396/dvdqkqprn0quoo0tppii.png,dvdqkqprn0quoo0tppii,Valerie,Woodward,Female,3,BSN
2019-8098,https://res.cloudinary.com/dgira6yxf/image/upload/v1765614396/dvdqkqprn0quoo0tppii.png,dvdqkqprn0quoo0tppii,Frederick,Santos,Female,3,BSN
2021-5689,https://res.cloudinary.com/dgira6yxf/image/upload/v1765614396/dvdqkqprn0quoo0tppii.png,dvdqkqprn0quoo0tppii,Brenda,Diaz,Male,3,BSBA
2019-7120,https://res.cloudinary.com/dgira6yxf/image/upload/v1765614396/dvdqkqprn0quoo0tppii.png,dvdqkqprn0quoo0tppii,Robert,Rivera,Female,4,BSECE
2025-4369,https://res.cloudinary.com/dgira6yxf/image/upload/v1765614396/dvdqkqprn0quoo0tppii.png,dvdqkqprn0quoo0tppii,Logan,Lucas,Male,2,BSME
2021-9614,https://res.cloudinary.com/dgira6yxf/image/upload/v1765614396/dvdqkqprn0quoo0tppii.png,dvdqkqprn0quoo0tppii,Daniel,Meyer,Female,3,BSCPE
2025-0813,https://res.cloudinary.com/dgira6yxf/image/upload/v1765614396/dvdqkqprn0quoo0tppii.png,dvdqkqprn0quoo0tppii,Andrew,Barnes,Female,2,BSME
2020-2644,https://res.cloudinary.com/dgira6yxf/image/upload/v1765614396/dvdqkqprn0quoo0tppii.png,dvdqkqprn0quoo0tppii,Kevin,Harris,Female,2,BSBio
2023-3950,https://res.cloudinary.com/dgira6yxf/image/upload/v1765614396/dvdqkqprn0quoo0tppii.png,dvdqkqprn0quoo0tppii,Lori,Moore,Male,2,BSED
2020-6425,https://res.cloudinary.com/dgira6yxf/image/upload/v1765614396/dvdqkqprn0quoo0tppii.png,dvdqkqprn0quoo0tppii,Christopher,West,Male,1,BSME
2020-6068,https://res.cloudinary.com/dgira6yxf/image/upload/v1765614396/dvdqkqprn0quoo0tppii.png,dvdqkqprn0quoo0tppii,Daniel,Lane,Female,1,BSBio
2025-9667,https://res.cloudinary.com/dgira6yxf/image/upload/v1765614396/dvdqkqprn0quoo0tppii.png,dvdqkqprn0quoo0tppii,Joseph,Pham,Male,2,BSBio
2023-0491,https://res.cloudinary.com/dgira6yxf/image/upload/v1765614396/dvdqkqprn0quoo0tppii.png,dvdqkqprn0quoo0tppii,Elizabeth,Molina,Female,1,BSED
2020-1684,https://res.cloudinary.com/dgira6yxf/image/upload/v1765614396/dvdqkqprn0quoo0tppii.png,dvdqkqprn0quoo0tppii,Melissa,Bradley,Male,2,BSN
2020-2158,https://res.cloudinary.com/dgira6yxf/image/upload/v1765614396/dvdqkqprn0quoo0tppii.png,dvdqkqprn0quoo0tppii,Taylor,West,Male,2,BSCA
2022-0943,https://res.cloudinary.com/dgira6yxf/image/upload/v1765614396/dvdqkqprn0quoo0tppii.png,dvdqkqprn0quoo0tppii,Adam,Molina,Female,3,BSME
2023-7238,https://res.cloudinary.com/dgira6yxf/image/upload/v1765614396/dvdqkqprn0quoo0tppii.png,dvdqkqprn0quoo0tppii,Shawn,Roberts,Male,1,BSED
2022-8846,https://res.cloudinary.com/dgira6yxf/image/upload/v1765614396/dvdqkqprn0quoo0tppii.png,dvdqkqprn0quoo0tppii,Rodney,Murray,Female,3,BSED
2025-6599,https://res.cloudinary.com/dgira6yxf/image/upload/v1765614396/dvdqkqprn0quoo0tppii.png,dvdqkqprn0quoo0tppii,Martin,Wang,Male,4,BSBio
2025-8904,https://res.cloudinary.com/dgira6yxf/image/upload/v1765614396/dvdqkqprn0quoo0tppii.png,dvdqkqprn0quoo0tppii,Katelyn,Mccullough,Male,4,BSN
2025-1863,https://res.cloudinary.com/dgira6yxf/image/upload/v1765614396/dvdqkqprn0quoo0tppii.png,dvdqkqprn0quoo0tppii,Heather,Smith,Female,2,BSBA
2025-1965,https://res.cloudinary.com/dgira6yxf/image/upload/v1765614396/dvdqkqprn0quoo0tppii.png,dvdqkqprn0quoo0tppii,Kimberly,Johnson,Female,1,BSECE
